28,s_basic_string_expansion,1593688013,1593687483
29,s_only_string_expansion,1593688013,1593687483
30,s_two_string_expansions,1593688013,1593687483
31,s_two_string_expansions2,1593688013,1593687483
32,s_empty_string_expansion,1593688013,1593687483
33,s_full_then_empty_string,1593688013,1593687483
34,s_empty_then_full_string,1593688013,1593687483
35,s_three_strings,1593688013,1593687483
36,s_space_padded_field_width,1593688013,1593687483
37,s_space_padded_field_width2,1593688013,1593687483
38,s_space_padded_over_field_width,1593688013,1593687483
39,s_space_padded_field_width_lj,1593688013,1593687483
40,s_space_padded_field_width2_lj,1593688013,1593687483
41,s_space_padded_over_field_width_lj,1593688013,1593687483
42,s_string_prec_notrunc,1593688013,1593687483
43,s_string_prec_trunc,1593688013,1593687483
44,s_string_prec_default,1593688013,1593687483
45,s_string_prec_zero,1593688013,1593687483
46,s_two_strings_prec_2trunc,1593688013,1593687483
47,s_two_strings_prec_1trunc_a,1593688013,1593687483
48,s_two_strings_prec_1trunc_b,1593688013,1593687483
49,s_two_strings_prec_0trunc,0,1593688013
50,s_string_prec_width_notrunc,1593688013,1593687483
51,s_string_prec_width_trunc,1593688013,1593687483
52,s_string_prec_width_notrunc_lj,1593688013,1593687483
53,s_string_prec_width_trunc_lj,1593688013,1593687483
54,s_two_s_prec_width_2fit_0trunc,1593688013,1593687483
55,s_two_s_prec_width_1fit_a_0trunc,0,1593688013
56,s_two_s_prec_width_1fit_b_0trunc,1593688013,1593687483
57,s_two_s_prec_width_0fit_0trunc,1593688013,1593687483
58,s_two_s_prec_width_2fit_1trunc_a,1593688013,1593687483
59,s_two_s_prec_width_1fit_a_1trunc_a,0,1593688013
60,s_two_s_prec_width_1fit_b_1trunc_a,1593688013,1593687483
61,s_two_s_prec_width_0fit_1trunc_a,1593688013,1593687483
62,s_two_s_prec_width_2fit_1trunc_b,1593688013,1593687483
63,s_two_s_prec_width_1fit_a_1trunc_b,0,1593688013
64,s_two_s_prec_width_1fit_b_1trunc_b,1593688013,1593687483
65,s_two_s_prec_width_0fit_1trunc_b,1593688013,1593687483
66,s_two_s_prec_width_2fit_2trunc,1593688013,1593687483
67,s_two_s_prec_width_1fit_a_2trunc,0,1593688013
68,s_two_s_prec_width_1fit_b_2trunc,1593688013,1593687483
69,s_two_s_prec_width_0fit_2trunc,1593688013,1593687483
70,s_two_s_prec_width_2trunc,1593688013,1593687483
71,s_two_strings_lj_and_rj,1593688013,1593687483
72,s_two_strings_rj_and_lj,1593688013,1593687483
73,s_null_basic_string_expansion,1593688013,1593687483
74,s_null_only_string_expansion,1593688013,1593687483
75,s_null_space_padded_field_width,0,1593688013
76,s_null_space_padded_over_field_width,1593688013,1593687483
77,s_null_space_padded_field_width_lj,0,1593688013
78,s_null_space_padded_field_width2_lj,0,1593688013
79,s_null_space_padded_over_field_width_lj,1593688013,1593687483
80,s_null_string_prec_notrunc,1593688013,1593687483
81,s_null_string_prec_trunc,1593688013,1593687483
82,s_null_string_prec_default,1593688013,1593687483
83,s_null_string_prec_zero,1593688013,1593687483
84,s_basic_s_hidden,1593688013,1593687483
85,s_width_3_s_hidden,1593688013,1593687483
86,s_width_9_s_hidden,1593688013,1593687483
87,s_prec_no_width_s_hidden,1593688013,1593687483
88,s_prec_9_no_width_s_hidden,1593688013,1593687483
89,s_prec_03_no_width_s_hidden,1593688013,1593687483
90,s_prec_09_no_width_s_hidden,1593688013,1593687483
91,s_prec_03_no_width_s_null,0,1593688013
92,s_prec_09_no_width_s_null,1593688013,1593687483
93,s_prec_00_no_width_s_nullchar,1593688013,1593687483
94,s_prec_01_no_width_s_nullchar,1593688013,1593687483
95,s_prec_03_no_width_s_nullchar,1593688013,1593687483
96,s_prec_09_no_width_s_nullchar,1593688013,1593687483
97,s_prec_0_width_3_s_hidden,1593688013,1593687483
98,s_prec_0_width_10_s_hidden,1593688013,1593687483
99,s_prec_0_width_3_s_null,0,1593688013
100,s_prec_0_width_10_s_null,0,1593688013
101,s_prec_0_width_1_s_nullchar,1593688013,1593687483
102,s_prec_0_width_2_s_nullchar,1593688013,1593687483
103,s_prec_0_width_9_s_nullchar,1593688013,1593687483
104,s_prec_0_lj_width_3_s_hidden,1593688013,1593687483
105,s_prec_0_lj_width_8_s_hidden,1593688013,1593687483
106,s_prec_0_lj_width_3_s_null,0,1593688013
107,s_prec_0_lj_width_8_s_null,0,1593688013
108,s_prec_0_lj_width_1_s_nullchar,1593688013,1593687483
109,s_prec_0_lj_width_2_s_nullchar,1593688013,1593687483
110,s_prec_0_lj_width_6_s_nullchar,1593688013,1593687483
111,s_prec_1_width_3_s_hidden,1593688013,1593687483
112,s_prec_1_width_10_s_hidden,1593688013,1593687483
113,s_prec_1_width_3_s_null,0,1593688013
114,s_prec_1_width_9_s_null,0,1593688013
115,s_prec_1_lj_width_3_s_hidden,1593688013,1593687483
116,s_prec_1_lj_width_10_s_hidden,1593688013,1593687483
117,s_prec_1_lj_width_3_s_null,0,1593688013
118,s_prec_1_lj_width_9_s_null,0,1593688013
119,s_prec_1_lj_width_3_s_nullchar,1593688013,1593687483
120,s_prec_1_lj_width_6_s_nullchar,1593688013,1593687483
121,s_prec_perfect_width_3_s_hidden,1593688013,1593687483
122,s_prec_perfect_width_20_s_hidden,1593688013,1593687483
123,s_prec_perfect_width_3_s_null,1593688013,1593687483
124,s_prec_perfect_width_20_s_null,0,1593688013
125,s_prec_perfect_width_3_s_nullchar,1593688013,1593687483
126,s_prec_perfect_width_6_s_nullchar,1593688013,1593687483
127,s_prec_perfect_lj_width_3_s_hidden,1593688013,1593687483
128,s_prec_perfect_lj_width_20_s_hidden,1593688013,1593687483
129,s_prec_8_lj_width_3_s_hidden,1593688013,1593687483
130,s_prec_8_lj_width_10_s_hidden,1593688013,1593687483
131,s_prec_8_lj_width_3_s_null,1593688013,1593687483
132,s_prec_8_lj_width_10_s_null,0,1593688013
133,s_prec_00_lj_s_hidden_trunc,1593688013,1593687483
134,s_prec_09_lj_s_hidden_notrunc,1593688013,1593687483
190,d_basic_pos,1593427847,0
191,d_basic_neg,1593427847,0
192,d_basic_zero,1593427847,0
193,d_basic_onlypos,1593427847,0
194,d_basic_onlyneg,1593427847,0
195,d_basic_onlyzero,1593427847,0
196,d_intmax,1593427847,0
197,d_intmin,1593427847,0
198,d_width_pos_fits,1593427847,0
199,d_width_neg_fits,1593427847,0
200,d_width_zero_fits,1593427847,0
201,d_width_pos_exactfit,1593427847,0
202,d_width_neg_exactfit,1593427847,0
203,d_width_pos_nofit,1593427847,0
204,d_width_neg_nofit,1593427847,0
205,d_width_pos_fits_lj,1593427847,0
206,d_width_neg_fits_lj,1593427847,0
207,d_width_zero_fits_lj,1593427847,0
208,d_width_pos_exactfit_lj,1593427847,0
209,d_width_neg_exactfit_lj,1593427847,0
210,d_width_pos_nofit_lj,1593427847,0
211,d_width_neg_nofit_lj,1593427847,0
212,d_prec_fits_pos,1593427847,0
213,d_prec_fits_neg,0,1593427847
214,d_prec_fits_zero,1593427847,0
215,d_prec_exactfit_pos,1593427847,0
216,d_prec_exactfit_neg,1593427847,0
217,d_prec_nofit_pos,1593427847,0
218,d_prec_nofit_neg,1593427847,0
219,d_zp_pos_fits,1593427847,0
220,d_zp_neg_fits,0,1593427847
221,d_zp_zero_fits,1593427847,0
222,d_zp_pos_exactfit,1593427847,0
223,d_zp_neg_exactfit,1593427847,0
224,d_zp_neg_minus1fit,1593427847,0
225,d_prec_width_fit_fit_pos,1593427847,0
226,d_prec_width_fit_fit_neg,0,1593427847
227,d_prec_width_fit_fit_zero,1593427847,0
228,d_prec_width_nofit_fit_pos,1593427847,0
229,d_prec_width_nofit_fit_neg,1593427847,0
230,d_prec_width_fit_nofit_pos,1593427847,0
231,d_prec_width_fit_nofit_neg,0,1593427847
232,d_prec_width_nofit_nofit_pos,1593427847,0
233,d_prec_width_nofit_nofit_neg,1593427847,0
234,d_prec_width_fit_fit_pos_lj,1593427847,0
235,d_prec_width_fit_fit_neg_lj,0,1593427847
236,d_prec_width_fit_fit_zero_lj,1593427847,0
237,d_prec_width_nofit_fit_pos_lj,1593427847,0
238,d_prec_width_nofit_fit_neg_lj,1593427847,0
239,d_prec_width_fit_nofit_pos_lj,1593427847,0
240,d_prec_width_fit_nofit_neg_lj,0,1593427847
241,d_prec_width_nofit_nofit_pos_lj,1593427847,0
242,d_prec_width_nofit_nofit_neg_lj,1593427847,0
243,d_prec_width_ff_pos_zp,1593427847,0
244,d_prec_width_ff_neg_zp,0,1593427847
245,d_prec_width_ff_zero_zp,1593427847,0
246,d_prec_width_nf_pos_zp,1593427847,0
247,d_prec_width_nf_neg_zp,1593427847,0
248,d_prec_width_fn_pos_zp,1593427847,0
249,d_prec_width_fn_neg_zp,0,1593427847
250,d_prec_width_nn_pos_zp,1593427847,0
251,d_prec_width_nn_neg_zp,1593427847,0
252,d_prec_width_ff_pos_lj_zp_ignoreflag,1593427847,0
253,d_prec_width_ff_neg_ljzp_ignoreflag,0,1593427847
254,d_prec_width_ff_zero_ljzp_ignoreflag,1593427847,0
255,d_prec_width_nf_pos_ljzp_ignoreflag,1593427847,0
256,d_prec_width_nf_neg_ljzp_ignoreflag,1593427847,0
257,d_prec_width_fn_pos_ljzp_ignoreflag,1593427847,0
258,d_prec_width_fn_neg_ljzp_ignoreflag,0,1593427847
259,d_prec_width_nn_pos_ljzp_ignoreflag,1593427847,0
260,d_prec_width_nn_neg_ljzp_ignoreflag,1593427847,0
261,d_prec0val0_basic,0,1593427847
262,d_prec0val0_implicit,0,1593427847
263,d_prec0val0_w,0,1593427847
264,d_prec0val0_w_impl,0,1593427847
265,d_prec0val0_wlj,0,1593427847
266,d_prec0val0_wlj_impl,0,1593427847
267,i_basic_pos,1593528438,0
268,i_basic_neg,1593528438,0
269,i_basic_zero,1593528438,0
270,i_basic_onlypos,1593528438,0
271,i_basic_onlyneg,1593528438,0
272,i_basic_onlyzero,1593528438,0
273,i_intmax,1593528438,0
274,i_intmin,1593528438,0
275,i_width_pos_fits,1593528438,0
276,i_width_neg_fits,1593528438,0
277,i_width_zero_fits,1593528438,1593441821
278,i_width_pos_exactfit,1593528438,0
279,i_width_neg_exactfit,1593528438,0
280,i_width_pos_nofit,1593528438,0
281,i_width_neg_nofit,1593528438,0
282,i_width_pos_fits_lj,1593528438,0
283,i_width_neg_fits_lj,1593528438,0
284,i_width_zero_fits_lj,1593528438,0
285,i_width_pos_exactfit_lj,1593528438,0
286,i_width_neg_exactfit_lj,1593528438,0
287,i_width_pos_nofit_lj,1593528438,0
288,i_width_neg_nofit_lj,1593528438,0
289,i_prec_fits_pos,1593515522,1593528438
290,i_prec_fits_neg,1593515522,1593528438
291,i_prec_fits_zero,1593515522,1593528438
292,i_prec_exactfit_pos,1593515522,1593528438
293,i_prec_exactfit_neg,1593515522,1593528438
294,i_prec_nofit_pos,1593515522,1593528438
295,i_prec_nofit_neg,1593515522,1593528438
296,i_zp_pos_fits,1593515522,1593528438
297,i_zp_neg_fits,1593528438,1593441821
298,i_zp_zero_fits,1593515522,1593528438
299,i_zp_pos_exactfit,1593515522,1593528438
300,i_zp_neg_exactfit,1593528438,0
301,i_zp_neg_minus1fit,1593441821,1593528438
302,i_prec_width_fit_fit_pos,1593515522,1593528438
303,i_prec_width_fit_fit_neg,1593515522,1593528438
304,i_prec_width_fit_fit_zero,1593515522,1593528438
305,i_prec_width_nofit_fit_pos,1593515522,1593528438
306,i_prec_width_nofit_fit_neg,1593515522,1593528438
307,i_prec_width_fit_nofit_pos,1593515522,1593528438
308,i_prec_width_fit_nofit_neg,1593515522,1593528438
309,i_prec_width_nofit_nofit_pos,1593515522,1593528438
310,i_prec_width_nofit_nofit_neg,1593515522,1593528438
311,i_prec_width_fit_fit_pos_lj,1593515522,1593528438
312,i_prec_width_fit_fit_neg_lj,1593515522,1593528438
313,i_prec_width_fit_fit_zero_lj,1593515522,1593528438
314,i_prec_width_nofit_fit_pos_lj,1593515522,1593528438
315,i_prec_width_nofit_fit_neg_lj,1593515522,1593528438
316,i_prec_width_fit_nofit_pos_lj,1593515522,1593528438
317,i_prec_width_fit_nofit_neg_lj,1593515522,1593528438
318,i_prec_width_nofit_nofit_pos_lj,1593515522,1593528438
319,i_prec_width_nofit_nofit_neg_lj,1593515522,1593528438
320,i_prec_width_ff_pos_zp,1593515522,1593528438
321,i_prec_width_ff_neg_zp,0,1593528438
322,i_prec_width_ff_zero_zp,1593515522,1593528438
323,i_prec_width_nf_pos_zp,1593515522,1593528438
324,i_prec_width_nf_neg_zp,1593441821,1593528438
325,i_prec_width_fn_pos_zp,1593515522,1593528438
326,i_prec_width_fn_neg_zp,0,1593528438
327,i_prec_width_nn_pos_zp,1593515522,1593528438
328,i_prec_width_nn_neg_zp,1593441821,1593528438
329,i_prec_width_ff_pos_lj_zp_ignoreflag,1593515522,1593528438
330,i_prec_width_ff_neg_ljzp_ignoreflag,0,1593528438
331,i_prec_width_ff_zero_ljzp_ignoreflag,1593515522,1593528438
332,i_prec_width_nf_pos_ljzp_ignoreflag,1593515522,1593528438
333,i_prec_width_nf_neg_ljzp_ignoreflag,1593441821,1593528438
334,i_prec_width_fn_pos_ljzp_ignoreflag,1593515522,1593528438
335,i_prec_width_fn_neg_ljzp_ignoreflag,0,1593528438
336,i_prec_width_nn_pos_ljzp_ignoreflag,1593515522,1593528438
337,i_prec_width_nn_neg_ljzp_ignoreflag,1593441821,1593528438
338,i_prec0val0_basic,1593528438,1593441821
339,i_prec0val0_implicit,1593528438,1593441821
340,i_prec0val0_w,1593528438,1593441821
341,i_prec0val0_w_impl,1593528438,1593441821
342,i_prec0val0_wlj,1593528438,1593441821
343,i_prec0val0_wlj_impl,1593528438,1593441821
344,u_basic_pos,1593428212,0
345,u_basic_zero,1593428212,0
346,u_basic_onlypos,1593428212,0
347,u_uintmax,0,1593428212
348,u_width_pos_fits,0,1593428212
349,u_width_zero_fits,1593428212,0
350,u_width_pos_exactfit,1593428212,0
351,u_width_pos_nofit,1593428212,0
352,u_width_pos_fits_lj,1593428212,0
353,u_width_zero_fits_lj,1593428212,0
354,u_width_pos_exactfit_lj,1593428212,0
355,u_width_pos_nofit_lj,1593428212,0
356,u_prec_fits_pos,1593428212,0
357,u_prec_fits_zero,1593428212,0
358,u_prec_exactfit_pos,1593428212,0
359,u_prec_nofit_pos,1593428212,0
360,u_zp_pos_fits,1593428212,0
361,u_zp_zero_fits,1593428212,0
362,u_zp_pos_exactfit,1593428212,0
363,u_prec_width_fit_fit_pos,1593428212,0
364,u_prec_width_fit_fit_zero,1593428212,0
365,u_prec_width_nofit_fit_pos,1593428212,0
366,u_prec_width_fit_nofit_pos,1593428212,0
367,u_prec_width_nofit_nofit_pos,1593428212,0
368,u_prec_width_fit_fit_pos_lj,1593428212,0
369,u_prec_width_fit_fit_zero_lj,1593428212,0
370,u_prec_width_nofit_fit_pos_lj,1593428212,0
371,u_prec_width_fit_nofit_pos_lj,1593428212,0
372,u_prec_width_nofit_nofit_pos_lj,1593428212,0
373,u_prec_width_ff_pos_zp,1593428212,0
374,u_prec_width_ff_zero_zp,1593428212,0
375,u_prec_width_nf_pos_zp,1593428212,0
376,u_prec_width_fn_pos_zp,1593428212,0
377,u_prec_width_nn_pos_zp,1593428212,0
378,u_prec_width_ff_pos_ljzp_ignoreflag,1593428212,0
379,u_prec_width_ff_zero_ljzp_ignoreflag,1593428212,0
380,u_prec_width_nf_pos_ljzp_ignoreflag,1593428212,0
381,u_prec_width_fn_pos_ljzp_ignoreflag,1593428212,0
382,u_prec_width_nn_pos_ljzp_ignoreflag,1593428212,0
383,u_prec0val0_basic,0,1593428212
384,u_prec0val0_implicit,0,1593428212
385,u_prec0val0_w,0,1593428212
386,u_prec0val0_w_impl,0,1593428212
387,u_prec0val0_wlj,0,1593428212
388,u_prec0val0_wlj_impl,0,1593428212
4186,d_neg_prec_star_01,0,1593427847
4187,d_neg_prec_star_02,0,1593427847
4188,d_neg_prec_star_03,0,1593427847
4189,u_neg_prec_star_01,0,1593428212
4190,u_neg_prec_star_02,0,1593428212
4191,u_neg_prec_star_03,0,1593428212
4201,s_neg_prec_star_01,1593688013,1593687483
4202,s_neg_prec_star_02,1593688013,1593687483
